       {"username": "nao", "email": "mail@ua", "nome": "Zoma", "time_stamp": "2019-11-21 12:35:14.623Z"}
 {"username": "cenas", "email": "mail@ua", "nome": "RabbitMQ", "time_stamp": "2019-11-21 12:35:14.623Z"}
      {"username": "beta", "email": "mail@ua", "nome": "Beta", "time_stamp": "2019-11-21 12:35:14.622Z"}
     {"username": "tiago", "email": "mail@ua", "nome": "Mana", "time_stamp": "2019-11-21 12:35:14.623Z"}
           {"username": "ze", "email": "mail@ua", "nome": "R", "time_stamp": "2019-11-21 12:35:14.623Z"}
      {"username": "joao", "email": "mail@ua", "nome": "Zeta", "time_stamp": "2019-11-21 12:35:14.623Z"}
       {"username": "feliz", "email": "mail@ua", "nome": "TL", "time_stamp": "2019-11-21 12:35:14.623Z"}
      {"username": "alfa", "email": "mail@ua", "nome": "Alfa", "time_stamp": "2019-11-21 12:35:14.622Z"}
        {"username": "cbd", "email": "mail@ua", "nome": "ZMD", "time_stamp": "2019-11-21 12:35:14.623Z"}
      {"username": "estou", "email": "mail@ua", "nome": "Pat", "time_stamp": "2019-11-21 12:35:14.623Z"}
