 {"id": 1, "vid_publish_time": "2019-11-27 15:55:58.807Z", "vid_author": "cenas", "vid_caption": "um video", "vid_name": "epic win", "vid_tags": ["Aveiro", "Tag"]}
                 {"id": 2, "vid_publish_time": "2019-11-27 15:55:58.808Z", "vid_author": "nao", "vid_caption": "um video", "vid_name": "like", "vid_tags": ["Tag"]}
          {"id": 4, "vid_publish_time": "2019-11-27 15:55:58.808Z", "vid_author": "estou", "vid_caption": "um video", "vid_name": "epic fail", "vid_tags": ["Tag"]}
            {"id": 3, "vid_publish_time": "2019-11-27 15:55:58.808Z", "vid_author": "feliz", "vid_caption": "um video", "vid_name": "neutral", "vid_tags": ["Tag"]}
