                 {"vid_author": "nao", "id": 2, "vid_caption": "um video", "vid_name": "like", "vid_publish_time": "2019-11-27 15:55:58.808Z", "vid_tags": ["Tag"]}
 {"vid_author": "cenas", "id": 1, "vid_caption": "um video", "vid_name": "epic win", "vid_publish_time": "2019-11-27 15:55:58.808Z", "vid_tags": ["Aveiro", "Tag"]}
            {"vid_author": "feliz", "id": 3, "vid_caption": "um video", "vid_name": "neutral", "vid_publish_time": "2019-11-27 15:55:58.808Z", "vid_tags": ["Tag"]}
          {"vid_author": "estou", "id": 4, "vid_caption": "um video", "vid_name": "epic fail", "vid_publish_time": "2019-11-27 15:55:58.808Z", "vid_tags": ["Tag"]}
